{
  "parent": "item/handheld",
  "textures": {
    "layer0": "item/wooden_sword"
  },
  "overrides": [
    {
      "predicate": {
        "custom_model_data": 1001
      },
      "model": "item/custom/miecz_nooba"
    },
    {
      "predicate": {
        "custom_model_data": 1002
      },
      "model": "item/custom/miecz_gornika"
    },
    {
      "predicate": {
        "custom_model_data": 1003
      },
      "model": "item/custom/zelazna_szabla"
    },
    {
      "predicate": {
        "custom_model_data": 1004
      },
      "model": "item/custom/miedziany_mlot"
    }
  ]
}
